,Bajo peso (<2500 g),Prematuridad (<37 semanas),Bajo peso a término (≥37 semanas)
hijos_vivos_madre_cat,0.006987470370280237,0.0044595066598229205,0.0010417687304578548
num_embar_madre_cat,0.003438041137883855,0.0014723509685608538,0.0008207838516687734
financiador_parto,0.0029985470513867094,0.003481845173104514,0.0005564784534352283
departamento_residencia,0.002783936410265503,0.0021690686894156965,0.0024399211605934945
edad_madre,0.002500109589964069,0.0031578550989734555,0.00044176452577336656
altitud_msnm,0.001351821586249367,0.0005176644773283815,0.0008591642483530235
nivel_instruccion_madre,0.0007859617637995253,0.0004404641757018342,0.0009859146242596484
pais_madre_grupo,0.0005868740846812492,0.00034857998231183074,0.00021061837528232874
hijos_fallecidos_madre_cat,0.00040150483525074515,0.0005633628281897877,1.3519238869284337e-05
pobreza_pct,0.0002951847680320585,0.0001657796873822115,0.00014583403455684096
vulnerabilidad_alimentaria,0.00029449573757778236,0.0003429019214520786,0.0001189398292787136
antecedentes_abortos_cat,0.0002851760695653516,0.0004725186309154361,2.770982668781156e-05
sexo_nacido,0.00018253397412825353,0.00037803915277694516,0.0008209410868846023
idh_2019,0.000170978907163305,0.00011302751785862337,0.00011043975035025337
estado_civil,0.00012119282487082124,0.0001255670151204443,2.073909262997886e-05
macroregion,-1.1337222707574757e-06,3.658861777740737e-06,-4.769210309683395e-07
