,bajo_peso,prematuro,edad_madre,altitud_msnm,idh_2019,pobreza_pct,vulnerabilidad_alimentaria,tasa_bajo_peso_establecimiento,nivel_instruccion_madre,estado_civil,num_embar_madre_cat,hijos_vivos_madre_cat,hijos_fallecidos_madre_cat,antecedentes_abortos_cat,financiador_parto,pais_madre_grupo,sexo_nacido,departamento_residencia,macroregion,lugar_nacido,atiende_parto
bajo_peso,1.0,0.5453561109744249,0.03809151923444434,0.022440101955134347,0.029651104070446473,0.02621111335478944,0.026732857374577607,0.1515507287958921,0.03018100443968622,0.032506813234442634,0.02931298695454323,0.030655193361369463,0.02048445473089668,0.009552650186085776,0.032573081768700496,0.011981318243286798,0.010389081231794578,0.047656150715554756,0.03590788816357172,0.014122425422695446,0.0830816315152722
prematuro,0.5453561109744249,1.0,0.04255475613769972,0.031783221090568164,0.020515542256564816,0.01820413795727305,0.02005994580444666,0.1619791227139334,0.019629219502807826,0.027647308204089182,0.021334112362381502,0.01402102570249056,0.02157271103101216,0.0283101077670691,0.03855458376898336,0.00977117161791056,0.017802126968516727,0.03336809523013295,0.030077109359626583,0.011406112050408604,0.12825221941381226
edad_madre,0.03809151923444434,0.04255475613769972,1.0,0.017825981097621388,0.07529885446510787,0.06624102832661442,0.06582349825610342,0.04048067795098349,0.1692777553304461,0.20800274222911153,0.2686431280342394,0.26091943457016087,0.038453525004641775,0.09783996197924238,0.11893943403762368,0.037798209171189895,0.0032409874395348827,0.0680959467477357,0.06141418237850846,0.011093994690314019,0.07601517807185039
altitud_msnm,0.022440101955134347,0.031783221090568164,0.017825981097621388,1.0,0.5383494124532823,0.521912581950552,0.5078251657372826,0.15183364900319488,0.0620567945281443,0.06574953917658316,0.018076286443994574,0.018747285168021585,0.02010707818440755,0.033121797753043476,0.08111974505011732,0.2094045134412026,0.00086321351825066,0.698665995305118,0.5495041755122723,0.026664131080858598,0.0831760727632417
idh_2019,0.029651104070446473,0.020515542256564816,0.07529885446510787,0.5383494124532823,1.0,0.6138528011639769,0.6841656856822412,0.1780362340588382,0.16941869268188103,0.10186147383118371,0.04077576514004306,0.06086369155645027,0.035239056516507127,0.051422414281718724,0.152021942676472,0.22145212608700726,0.0009600815537725467,0.5910926078620876,0.5403165026795138,0.06720402075262422,0.14547851226290007
pobreza_pct,0.02621111335478944,0.01820413795727305,0.06624102832661442,0.521912581950552,0.6138528011639769,1.0,0.6079157535622889,0.13521401712043593,0.16441307881484413,0.0841950074493878,0.035585952425578604,0.05256235044189878,0.03239366889657727,0.051261531499862456,0.13036338120346788,0.2109904579667729,0.0009784293997782403,0.5613089025997954,0.46211923525553317,0.059579868037525664,0.11900230588790746
vulnerabilidad_alimentaria,0.026732857374577607,0.02005994580444666,0.06582349825610342,0.5078251657372826,0.6841656856822412,0.6079157535622889,1.0,0.15332958857359114,0.15796618407064814,0.09004399181365069,0.03703868397777877,0.05508612025230772,0.03133110555184859,0.04355027480525913,0.13736854146135363,0.2132902357190443,0.0008655973673415256,0.5325942481746044,0.4654086801563473,0.055691449675767384,0.12383730895429954
tasa_bajo_peso_establecimiento,0.1515507287958921,0.1619791227139334,0.04048067795098349,0.15183364900319488,0.1780362340588382,0.13521401712043593,0.15332958857359114,1.0,0.08527365374069049,0.05272902213550317,0.02905291103062545,0.03645009716152636,0.02066147808716105,0.01838450785123105,0.17537243332562852,0.06236164241880321,0.010626047616403997,0.29509514971021017,0.18146007135767242,0.046947051572681434,0.13547177502303193
nivel_instruccion_madre,0.03018100443968622,0.019629219502807826,0.1692777553304461,0.0620567945281443,0.16941869268188103,0.16441307881484413,0.15796618407064814,0.08527365374069049,1.0,0.1494092760712465,0.14317744324627868,0.1783309709771395,0.05718678817986525,0.024439252501594854,0.1847472477594016,0.0576049441922198,0.0024541027407563977,0.10611404291261992,0.12482887031139986,0.06000393914449926,0.10109679754217454
estado_civil,0.032506813234442634,0.027647308204089182,0.20800274222911153,0.06574953917658316,0.10186147383118371,0.0841950074493878,0.09004399181365069,0.05272902213550317,0.1494092760712465,1.0,0.1292985234767171,0.11870351829283958,0.012484485707452088,0.04937546338985556,0.11353966794204998,0.5231116200693652,0.001981921457959955,0.09343415329248805,0.09501743722105796,0.015071991003936793,0.05758001563461735
num_embar_madre_cat,0.02931298695454323,0.021334112362381502,0.2686431280342394,0.018076286443994574,0.04077576514004306,0.035585952425578604,0.03703868397777877,0.02905291103062545,0.14317744324627868,0.1292985234767171,1.0,0.6030148861506128,0.09010639681338635,0.24447874047923457,0.03975233439660577,0.029677249961327763,0.0029702148982648385,0.05265216374815081,0.042272601925815875,0.027255459068451386,0.04369744989491276
hijos_vivos_madre_cat,0.030655193361369463,0.01402102570249056,0.26091943457016087,0.018747285168021585,0.06086369155645027,0.05256235044189878,0.05508612025230772,0.03645009716152636,0.1783309709771395,0.11870351829283958,0.6030148861506128,1.0,0.0631258821570415,0.09961971224840084,0.05372677423113421,0.030276083347580182,0.002790148843176959,0.06655389014062453,0.05576400217300937,0.03832172195305254,0.0673244265345756
hijos_fallecidos_madre_cat,0.02048445473089668,0.02157271103101216,0.038453525004641775,0.02010707818440755,0.035239056516507127,0.03239366889657727,0.03133110555184859,0.02066147808716105,0.05718678817986525,0.012484485707452088,0.09010639681338635,0.0631258821570415,1.0,0.050585912205433764,0.018450714744546147,0.005457230139567041,0.0017353092829999331,0.03320760700952182,0.027574555300129967,0.01946991378902046,0.02410295967519039
antecedentes_abortos_cat,0.009552650186085776,0.0283101077670691,0.09783996197924238,0.033121797753043476,0.051422414281718724,0.051261531499862456,0.04355027480525913,0.01838450785123105,0.024439252501594854,0.04937546338985556,0.24447874047923457,0.09961971224840084,0.050585912205433764,1.0,0.03691686400623921,0.011041032160901222,0.002857708466245576,0.036630419421309714,0.0415974885111998,0.016532176120728444,0.028380820543483367
financiador_parto,0.032573081768700496,0.03855458376898336,0.11893943403762368,0.08111974505011732,0.152021942676472,0.13036338120346788,0.13736854146135363,0.17537243332562852,0.1847472477594016,0.11353966794204998,0.03975233439660577,0.05372677423113421,0.018450714744546147,0.03691686400623921,1.0,0.05871202122269493,0.002233677368743618,0.10372838117988052,0.10308654592689918,0.11263540414528198,0.1414775303394244
pais_madre_grupo,0.011981318243286798,0.00977117161791056,0.037798209171189895,0.2094045134412026,0.22145212608700726,0.2109904579667729,0.2132902357190443,0.06236164241880321,0.0576049441922198,0.5231116200693652,0.029677249961327763,0.030276083347580182,0.005457230139567041,0.011041032160901222,0.05871202122269493,1.0,0.00023693966130677036,0.25441489409298473,0.24328479255547425,0.011827653341830283,0.043249971354563446
sexo_nacido,0.010389081231794578,0.017802126968516727,0.0032409874395348827,0.00086321351825066,0.0009600815537725467,0.0009784293997782403,0.0008655973673415256,0.010626047616403997,0.0024541027407563977,0.001981921457959955,0.0029702148982648385,0.002790148843176959,0.0017353092829999331,0.002857708466245576,0.002233677368743618,0.00023693966130677036,1.0,0.001881262677461354,0.0007122171028671411,0.004022375801057181,0.021710830168466828
departamento_residencia,0.047656150715554756,0.03336809523013295,0.0680959467477357,0.698665995305118,0.5910926078620876,0.5613089025997954,0.5325942481746044,0.29509514971021017,0.10611404291261992,0.09343415329248805,0.05265216374815081,0.06655389014062453,0.03320760700952182,0.036630419421309714,0.10372838117988052,0.25441489409298473,0.001881262677461354,1.0,0.9921822710592887,0.06592373010731349,0.09505220685397546
macroregion,0.03590788816357172,0.030077109359626583,0.06141418237850846,0.5495041755122723,0.5403165026795138,0.46211923525553317,0.4654086801563473,0.18146007135767242,0.12482887031139986,0.09501743722105796,0.042272601925815875,0.05576400217300937,0.027574555300129967,0.0415974885111998,0.10308654592689918,0.24328479255547425,0.0007122171028671411,0.9921822710592887,1.0,0.04742239180853815,0.1218322091720748
lugar_nacido,0.014122425422695446,0.011406112050408604,0.011093994690314019,0.026664131080858598,0.06720402075262422,0.059579868037525664,0.055691449675767384,0.046947051572681434,0.06000393914449926,0.015071991003936793,0.027255459068451386,0.03832172195305254,0.01946991378902046,0.016532176120728444,0.11263540414528198,0.011827653341830283,0.004022375801057181,0.06592373010731349,0.04742239180853815,1.0,0.3547710421596949
atiende_parto,0.0830816315152722,0.12825221941381226,0.07601517807185039,0.0831760727632417,0.14547851226290007,0.11900230588790746,0.12383730895429954,0.13547177502303193,0.10109679754217454,0.05758001563461735,0.04369744989491276,0.0673244265345756,0.02410295967519039,0.028380820543483367,0.1414775303394244,0.043249971354563446,0.021710830168466828,0.09505220685397546,0.1218322091720748,0.3547710421596949,1.0
