resultado,capa,roc_auc,average_precision,log_loss,brier,brier_skill,observados/esperados,pendiente_calibracion,marcados_%_top20,sensibilidad_top20,especificidad_top20,VPP_top20,VPN_top20,F1_top20,exactitud_balanceada_top20,MCC_top20,LR+_top20
Bajo peso (<2500 g),1. Prenatal: madre y hogar,0.6068903710692151,0.08685509285385322,0.21927572556269662,0.05473089985068202,0.007962063999804814,1.0958406511204417,1.0832140179191956,19.86379821556708,0.3125259899274592,0.8084518871777762,0.09220534910984488,0.9497241060054672,0.14239850106840982,0.5604889385526177,0.0712217415402748,1.6315795823972183
Bajo peso (<2500 g),2. Prenatal: + territorio,0.626861783217859,0.09480298229852648,0.2175697550310821,0.054516294362917835,0.011851946784789513,1.0823218066692166,1.030496550100465,19.93040982385833,0.3402485792172989,0.8094701175279438,0.10004891038530514,0.951711357080294,0.15462954213781008,0.5748593483726214,0.08803112965385985,1.7858016538020016
Bajo peso (<2500 g),3. Al parto: + establecimiento y atención,0.7343878708308806,0.16474676586789364,0.20244765288418845,0.05233924218332976,0.05131262359981481,1.0474863570541313,1.05073389939326,19.72867954671613,0.47955459039874326,0.8202852195523238,0.14245323158429296,0.962003197884269,0.21965672684175996,0.6499199049755335,0.17697512808307456,2.6684204226505743
Bajo peso (<2500 g),4. Al parto: + semanas de gestación,0.9088247455125904,0.6500677152472394,0.12378784924345634,0.03163535728975532,0.4265858110139127,0.9568269324763605,1.0018500890995816,20.50039939887085,0.8255325047359423,0.8336257629536734,0.23599572045595635,0.9871387893568032,0.3670597419672939,0.8295791338448079,0.3835113517875972,4.961901069491152
Prematuridad (<37 semanas),1. Prenatal: madre y hogar,0.5983076316373075,0.09950941584332057,0.2467826250217955,0.06346143995301345,0.007267028124013919,1.1583005873075551,0.9995790585740034,20.248304247166974,0.30976802903582135,0.8054233523376468,0.10500414560432213,0.9405962781001402,0.15684237860296027,0.5575956906867341,0.07247603602386421,1.5920103093427664
Prematuridad (<37 semanas),2. Prenatal: + territorio,0.616691964601641,0.10561293394102936,0.24525956854021697,0.0632674661335344,0.010301377902716569,1.163454731655458,0.9767139835285054,20.155697864908408,0.32298406185892375,0.807391621627122,0.10998710301467032,0.9418012744642537,0.16409444399903791,0.5651878417430228,0.08217022033831994,1.6768951827923413
Prematuridad (<37 semanas),3. Al parto: + establecimiento y atención,0.7621138511984924,0.20797280362117992,0.22046726715884474,0.059392619419967714,0.07091595104147652,1.1181295075460935,1.0555337101660012,19.90143648204059,0.5149518699700174,0.8242687312658268,0.17759908567696642,0.958435877325833,0.2641104759977744,0.6696103006179221,0.21481587915911948,2.9303371772099336
Bajo peso a término (≥37 semanas),1. Prenatal: madre y hogar,0.6371090012106219,0.041775228270236386,0.11049351837285716,0.023286056414127333,0.006010193250995721,1.0742664946266542,1.1212522754878564,19.31578656634405,0.35016957364341084,0.8107035725243594,0.0435142538908456,0.9806679902997633,0.07740916271721959,0.5804365730838852,0.06237205868287926,1.84984776687596
Bajo peso a término (≥37 semanas),2. Prenatal: + territorio,0.6685622694241177,0.049143451930168294,0.10892753283414293,0.023192096079603965,0.010020988943232001,1.036124157063368,1.0870949180589193,19.654782429199,0.39910368217054265,0.8084336954611395,0.048739719543222294,0.9820483222545078,0.08687055101502768,0.6037686888158411,0.07993540803120686,2.0833709933031663
Bajo peso a término (≥37 semanas),3. Al parto: + establecimiento y atención,0.6931094386788663,0.05454667042386091,0.10754213019446335,0.02311681324604168,0.013234515864806173,1.0153642860301155,1.0340807749730576,19.731245475451875,0.43834786821705424,0.8086154047798487,0.053324885437694314,0.9832047520735991,0.09508295784454107,0.6234816364984515,0.09498146577716879,2.290403089720043
