codigo_provincia,provincia,departamento,macroregion,nacimientos,prematuros,prematuros_esperados,nacimientos_termino,bajo_peso_termino,altitud_msnm,idh_2019,pobreza_pct,%_madres_10_19,%_madres_35_mas,%_prematuros,razon_prematuros_ajustada_edad,%_bajo_peso_termino
0101,CHACHAPOYAS,AMAZONAS,MACROREGION ORIENTE,8328,516,499.7968312871506,7812,218,2404.7987518491836,0.49653078935890427,24.999129235110566,13.736791546589817,20.26897214217099,6.195965417867435,1.0324195106862135,2.7905785970302097
0102,BAGUA,AMAZONAS,MACROREGION ORIENTE,12508,851,744.0738727157747,11657,333,464.6758064063,0.439133158587011,34.73188662639871,21.49024624240486,14.942436840422129,6.803645666773265,1.143703644496962,2.8566526550570472
0103,BONGARA,AMAZONAS,MACROREGION ORIENTE,4066,211,242.02517366445565,3855,93,1848.52533406788,0.40341264195640136,34.07374210600076,16.62567634038367,16.920806689621248,5.189375307427447,0.8718101377856295,2.412451361867704
0104,CONDORCANQUI,AMAZONAS,MACROREGION ORIENTE,5568,334,333.97267543927524,5234,236,204.03232745510059,0.25136572706107513,56.186345861709746,30.280172413793103,12.104885057471265,5.998563218390805,1.0000818167554841,4.508979747802828
0105,LUYA,AMAZONAS,MACROREGION ORIENTE,6986,436,420.9277736861985,6550,201,2255.4208380833093,0.33050168720739476,48.58168004036684,20.068708846263956,17.692527912968796,6.241053535642714,1.0358071556595307,3.068702290076336
0106,RODRIGUEZ DE MENDOZA,AMAZONAS,MACROREGION ORIENTE,4218,232,253.36669905150265,3986,75,1543.9054060739686,0.3520316597999242,33.97772819582714,17.28307254623044,18.658131816026554,5.500237079184448,0.9156688738832274,1.8815855494229805
0107,UTCUBAMBA,AMAZONAS,MACROREGION ORIENTE,16807,911,1001.6271687497905,15896,349,583.8657690367108,0.46771337616780456,29.78333419212213,20.217766406854288,15.529243767477837,5.420360564050693,0.9095200573853149,2.195520885757423
0201,HUARAZ,ÁNCASH,MACROREGION NORTE,26305,1653,1587.5103508125362,24652,629,2999.1417213951718,0.5472529967947565,15.261949787910957,10.788823417601217,22.76373313058354,6.283976430336438,1.0412530533447824,2.5515171182865486
0202,AIJA,ÁNCASH,MACROREGION NORTE,993,75,59.32421531174714,918,18,3189.523663625378,0.3531364917630015,32.763050672708985,16.717019133937562,18.22759315206445,7.552870090634441,1.2642392251777295,1.9607843137254901
0203,ANTONIO RAYMONDI,ÁNCASH,MACROREGION NORTE,1977,117,119.41867673721683,1860,62,3158.8173982549315,0.30193553248591787,41.9627545609511,18.20940819423369,19.018715225088517,5.918057663125948,0.9797462440273126,3.3333333333333335
0204,ASUNCION,ÁNCASH,MACROREGION NORTE,1132,89,68.59704568129722,1043,44,3178.631625123675,0.3784540215793776,33.39512704947017,11.395759717314487,23.32155477031802,7.862190812720848,1.2974319683313358,4.218600191754554
0205,BOLOGNESI,ÁNCASH,MACROREGION NORTE,3234,203,193.070566888335,3031,107,3118.837970862709,0.4466709309659003,27.18902422418031,13.605442176870747,18.738404452690165,6.2770562770562774,1.051429035878927,3.5301880567469484
0206,CARHUAZ,ÁNCASH,MACROREGION NORTE,9035,470,538.9610952182089,8565,268,2763.838736543442,0.3937111419523021,30.996506092086026,14.753735473159933,18.33978970669618,5.201992252351965,0.8720481017460292,3.1290134267367193
0207,CARLOS FERMIN FITZCARRALD,ÁNCASH,MACROREGION NORTE,2838,167,170.3052322662424,2671,110,3121.78822794926,0.29992836831429864,41.48370803347455,16.38477801268499,18.53417899929528,5.884425651867512,0.9805923034644335,4.1183077499064025
0208,CASMA,ÁNCASH,MACROREGION NORTE,7671,439,454.1815504243948,7232,125,209.59170929213926,0.5519244006567937,18.60607818263592,14.026854386651022,17.129448572545954,5.722852300873419,0.9665738284388503,1.728429203539823
0209,CORONGO,ÁNCASH,MACROREGION NORTE,1042,72,63.056445594091215,970,26,2913.511514702495,0.3700113203995711,41.36588225239898,16.986564299424185,18.90595009596929,6.90978886756238,1.1418341031062946,2.6804123711340204
0210,HUARI,ÁNCASH,MACROREGION NORTE,13780,795,818.9982704644522,12985,421,3128.4094328476053,0.4146479510290947,30.47248477561701,11.60377358490566,19.005805515239476,5.769230769230769,0.9706980205820913,3.242202541393916
0211,HUARMEY,ÁNCASH,MACROREGION NORTE,4191,298,248.8816488644314,3893,62,329.4426116439991,0.5674087704879238,15.498299388690056,14.531138153185397,17.442137914578858,7.11047482701026,1.1973562589274065,1.5926021063447213
0212,HUAYLAS,ÁNCASH,MACROREGION NORTE,9982,550,592.69992156715,9432,316,2417.669804328792,0.3867974732623911,37.51632613013455,16.99058304948908,16.339410939691444,5.5099178521338406,0.9279569306264666,3.3502968617472435
0213,MARISCAL LUZURIAGA,ÁNCASH,MACROREGION NORTE,3471,181,207.61861206581042,3290,108,3026.1305125468166,0.24695688512992567,52.742222619706034,18.66897147796024,17.83347738403918,5.214635551714204,0.8717908197104558,3.282674772036474
0214,OCROS,ÁNCASH,MACROREGION NORTE,941,50,56.33670503387865,891,18,2620.2359176089267,0.47260347528112506,27.17209480552589,13.071200850159405,20.403825717321997,5.313496280552604,0.8875208440027152,2.0202020202020203
0215,PALLASCA,ÁNCASH,MACROREGION NORTE,2964,159,179.0406621213877,2805,79,3171.1538463900138,0.32901675073791586,53.40491179318504,18.218623481781375,18.724696356275302,5.364372469635628,0.8880664208681247,2.8163992869875223
0216,POMABAMBA,ÁNCASH,MACROREGION NORTE,3903,262,235.59679077636022,3641,140,3024.1752528567768,0.3281702082606719,40.88273411555203,17.70433000256213,19.472200871124777,6.712785037150909,1.1120694774178947,3.8450975006866246
0217,RECUAY,ÁNCASH,MACROREGION NORTE,3080,166,188.496851763569,2914,99,3404.8198078571427,0.43541173935531713,24.84156750779197,10.551948051948052,25.324675324675326,5.3896103896103895,0.880651312989637,3.397391901166781
0218,SANTA,ÁNCASH,MACROREGION NORTE,65318,4329,3886.30015847926,60989,910,96.6444470397134,0.6076534554192038,15.315998830353408,11.0413668514039,19.830674546066934,6.627575859640528,1.1139129309286218,1.4920723409139354
0219,SIHUAS,ÁNCASH,MACROREGION NORTE,4156,276,249.99122445452696,3880,156,3053.4112139292583,0.27844448294198754,51.774957256978006,18.09432146294514,17.87776708373436,6.641000962463908,1.1040387541691647,4.020618556701031
0220,YUNGAY,ÁNCASH,MACROREGION NORTE,9602,482,573.6802444939909,9120,284,2337.4840672786922,0.3170497347293942,40.95574958164961,17.944178296188294,17.06936054988544,5.019787544261612,0.8401892946917553,3.1140350877192984
0301,ABANCAY,APURÍMAC,MACROREGION CENTRO,19016,1036,1136.873182723553,17980,317,2638.127892909129,0.513154679739997,25.19981571397751,10.38073201514514,21.292595708876735,5.448043752629364,0.9112713851848488,1.7630700778642936
0302,ANDAHUAYLAS,APURÍMAC,MACROREGION CENTRO,27900,1150,1661.3325744927795,26750,702,3041.598280941935,0.4027723890109193,37.660082609999954,13.025089605734767,18.70250896057348,4.121863799283154,0.692215404462954,2.6242990654205607
0303,ANTABAMBA,APURÍMAC,MACROREGION CENTRO,1925,108,115.4156855430969,1817,48,3456.0207776363636,0.31893395911435796,32.94247842389621,15.168831168831169,19.48051948051948,5.6103896103896105,0.9357480267244279,2.6417171161254815
0304,AYMARAES,APURÍMAC,MACROREGION CENTRO,4376,255,261.6763437509145,4121,100,3092.781995059415,0.3316322652864324,37.54664379456129,12.5,19.858318098720293,5.8272394881170015,0.974486254067851,2.426595486532395
0305,COTABAMBAS,APURÍMAC,MACROREGION CENTRO,11138,557,660.9928690971839,10581,358,3520.579726512839,0.364542217085309,43.708726708385456,17.43580535105046,16.250673370443526,5.0008978272580356,0.8426717231621237,3.3834231169076645
0306,CHINCHEROS,APURÍMAC,MACROREGION CENTRO,9058,404,541.1932546055677,8654,271,3065.807677108633,0.33477489211971384,44.75790829172339,17.84058291013469,17.66394347538088,4.460145727533672,0.7464985872642539,3.1314998844464985
0307,GRAU,APURÍMAC,MACROREGION CENTRO,3963,248,235.23813527478762,3715,125,3537.0620728135254,0.2776907439767837,46.25705535351986,14.912944738834216,17.638152914458743,6.257885440322988,1.0542508327159834,3.3647375504710633
0401,AREQUIPA,AREQUIPA,MACROREGION SUR,158648,7882,9441.566233226826,150766,2136,2393.9889913925167,0.6657333936855246,6.72556600842147,6.309565831274267,22.149034340174474,4.968231556653724,0.8348191184913378,1.4167650531286895
0402,CAMANA,AREQUIPA,MACROREGION SUR,9943,445,583.8642000562352,9498,90,70.89499781756008,0.6221689403782891,12.97027122244819,9.75560695967012,17.630493814744042,4.475510409333199,0.762163530418785,0.9475679090334808
0403,CARAVELI,AREQUIPA,MACROREGION SUR,5876,258,347.6754456102986,5618,80,519.8321965707964,0.6032356918455571,12.703558856194435,11.487406398910824,18.533015656909463,4.39074200136147,0.7420713865689159,1.4239943040227838
0404,CASTILLA,AREQUIPA,MACROREGION SUR,4699,196,279.0797074096005,4503,80,1767.192806912109,0.5591035364498088,18.569537098957188,13.534794637156843,18.088955096829114,4.17110023409236,0.7023083183627328,1.7765933821896513
0405,CAYLLOMA,AREQUIPA,MACROREGION SUR,16034,625,952.1684431749048,15409,171,2003.457529327055,0.5773322103480987,17.009355456218206,10.614943245603094,19.06573531246102,3.897966820506424,0.6563964648061678,1.1097410604192355
0406,CONDESUYOS,AREQUIPA,MACROREGION SUR,2349,83,139.69803947784013,2266,57,2652.8833541592167,0.5794174413395053,21.97728559642406,13.537675606641123,18.305661983822905,3.5334184759472116,0.5941386171934506,2.5154457193292146
0407,ISLAY,AREQUIPA,MACROREGION SUR,7566,419,447.64824329135274,7147,56,82.25138603357124,0.6299269514831801,10.182229852233945,8.828971715569654,19.7065820777161,5.537932857520486,0.9360027795915934,0.7835455435847208
0408,LA UNION,AREQUIPA,MACROREGION SUR,1902,107,114.6787976478533,1795,71,2933.2586747003156,0.32657352296293446,37.49173997791826,17.29758149316509,18.454258675078865,5.625657202944269,0.9330408252846114,3.9554317548746516
0501,HUAMANGA,AYACUCHO,MACROREGION CENTRO,52148,2660,3135.2882482357345,49488,1351,2926.7300970957654,0.45409734687788894,27.56488574603019,14.119429316560558,20.63358134540155,5.100866763826033,0.8484068415389925,2.729954736501778
0502,CANGALLO,AYACUCHO,MACROREGION CENTRO,6429,350,385.5800363813193,6079,237,3188.6100519069837,0.3150893758915109,50.241647164877726,20.174210608181678,16.73666200031109,5.444081505677399,0.9077233439904226,3.898667544003948
0503,HUANCA SANCOS,AYACUCHO,MACROREGION CENTRO,1586,62,95.30078563134006,1524,54,3419.803907957125,0.3657015871437838,43.440928006305455,17.969735182849938,19.041614123581336,3.909205548549811,0.6505717617044601,3.543307086614173
0504,HUANTA,AYACUCHO,MACROREGION CENTRO,19447,826,1169.1249076727427,18621,419,2309.136566579421,0.37558273837971184,44.43726267525149,19.771687149688898,17.663392811230523,4.247441764796627,0.7065113355973518,2.2501476827238065
0505,LA MAR,AYACUCHO,MACROREGION CENTRO,16336,629,980.4924875653859,15707,388,2095.176314227473,0.3222720121920996,47.28138908041143,23.255386875612146,15.695396669931439,3.8503917727717925,0.6415143491428883,2.470236200420195
0506,LUCANAS,AYACUCHO,MACROREGION CENTRO,7533,305,453.75304742228104,7228,223,3110.003317197664,0.4096367975844427,40.86385079251309,16.92552767821585,19.47431302270012,4.048851719102615,0.6721717941789481,3.085224128389596
0507,PARINACOCHAS,AYACUCHO,MACROREGION CENTRO,4547,173,272.06321490451774,4374,112,3162.1700025335385,0.4101883365999147,38.767350769518565,16.20848911370134,18.407741367934904,3.80470639982406,0.6358816279544275,2.5605852766346593
0508,PAUCAR DEL SARA SARA,AYACUCHO,MACROREGION CENTRO,1284,64,77.59289645203778,1220,32,2910.3839544080993,0.43015764596917594,31.072035661994093,12.149532710280374,21.49532710280374,4.984423676012461,0.8248177723273946,2.622950819672131
0509,SUCRE,AYACUCHO,MACROREGION CENTRO,1615,94,97.50787074621849,1521,42,3400.0575850588234,0.3757169710362985,46.39240325015463,17.58513931888545,20.061919504643964,5.820433436532507,0.9640247426246407,2.7613412228796843
0510,VICTOR FAJARDO,AYACUCHO,MACROREGION CENTRO,3234,194,194.48347035039905,3040,107,3156.392392640693,0.3444207214131307,53.66348814378452,16.542980828695114,19.82065553494125,5.998763141620285,0.9975140799908189,3.5197368421052633
0511,VILCAS HUAMAN,AYACUCHO,MACROREGION CENTRO,3436,177,207.0939411794477,3259,118,3333.480206542491,0.300963545248891,44.677863676076676,18.509895227008148,18.975552968568103,5.151338766006985,0.8546845889934984,3.6207425590671987
0601,CAJAMARCA,CAJAMARCA,MACROREGION NORTE,60165,4104,3605.954647725453,56061,2422,2693.776613392836,0.49810864475064276,35.84070764266609,14.820909166458904,19.47810188647885,6.821241585639491,1.1381174753788714,4.320293965501864
0602,CAJABAMBA,CAJAMARCA,MACROREGION NORTE,14064,755,845.6654042587152,13309,473,2913.442831549346,0.34960756407346605,51.00752236653872,21.39505119453925,16.943970420932878,5.368316268486917,0.892788088761666,3.553986024494703
0603,CELENDIN,CAJAMARCA,MACROREGION NORTE,12541,913,753.7485275583292,11628,522,2618.1053349557455,0.3174994204183239,55.968196173271714,19.56781755840842,17.3989315046647,7.280121202455945,1.2112793148101335,4.489164086687307
0604,CHOTA,CAJAMARCA,MACROREGION NORTE,20163,1363,1217.0455036314297,18800,707,2330.5027515796264,0.35159567868361064,58.40075585170854,16.545156970688886,19.967266775777414,6.75990675990676,1.1199252582857997,3.7606382978723403
0605,CONTUMAZA,CAJAMARCA,MACROREGION NORTE,3062,212,184.34208305222703,2850,103,1766.5091437720441,0.40926683583967893,45.35650215871973,17.766165904637493,19.13781841933377,6.923579359895493,1.150035827358732,3.6140350877192984
0606,CUTERVO,CAJAMARCA,MACROREGION NORTE,16503,919,991.7085922079038,15584,557,2173.5163334781555,0.35221045848457344,57.258599994546344,19.98424528873538,17.360479912743138,5.568684481609404,0.9266835108829419,3.5741786447638604
0607,HUALGAYOC,CAJAMARCA,MACROREGION NORTE,13446,947,804.7648858425038,12499,661,2725.1775261304474,0.36675155881023397,51.898502175740056,16.971590063959543,18.228469433288712,7.042986761862264,1.1767412031261666,5.288423073845908
0608,JAEN,CAJAMARCA,MACROREGION NORTE,30980,1678,1849.8033885933996,29302,704,988.5596552495159,0.480958476798896,37.972474238282814,18.14719173660426,16.99483537766301,5.416397675919948,0.907123432872485,2.4025663777216573
0609,SAN IGNACIO,CAJAMARCA,MACROREGION NORTE,22630,1003,1356.7219663534793,21627,630,1341.1622643446754,0.3584426568095468,51.942526635042135,22.147591692443658,16.009721608484313,4.432169686257181,0.7392819051170866,2.9130253849354975
0610,SAN MARCOS,CAJAMARCA,MACROREGION NORTE,8484,577,512.8040422418208,7907,394,2711.1313068340405,0.30868299081985023,59.01988414391812,19.306930693069308,18.599717114568598,6.801037246581801,1.1251861383103268,4.982926520804351
0611,SAN MIGUEL,CAJAMARCA,MACROREGION NORTE,5698,444,342.88270103334514,5254,291,2529.965950959986,0.3609876151661903,53.845817992804115,17.356967356967356,19.234819234819234,7.792207792207792,1.2949034718342973,5.538637228778073
0612,SAN PABLO,CAJAMARCA,MACROREGION NORTE,3709,245,222.64779401269544,3464,167,2290.2553260177947,0.30878734331403157,67.30354297519557,20.05931517929361,16.500404421677,6.605554057697493,1.1003926676499207,4.821016166281755
0613,SANTA CRUZ,CAJAMARCA,MACROREGION NORTE,4907,312,294.03669067708006,4595,119,1932.5504372264113,0.3697262176142694,53.297923901569355,15.834522111269616,18.850621561035254,6.3582637049113515,1.0610920673932076,2.5897714907508163
0701,CALLAO,CALLAO,LIMA Y CALLAO,154851,10660,9192.522102848572,144191,2437,38.96223420165191,0.652700705326771,17.81621472551071,10.44294192481805,19.672459331873867,6.884036912903372,1.159638223409513,1.6901193555769778
0801,CUSCO,CUSCO,MACROREGION SUR,71507,3897,4292.009010477783,67610,1522,3396.200929110856,0.6601549025555614,8.38400060964689,7.220272141188975,23.6815976058288,5.449816101920092,0.9079664069871534,2.2511462801360747
0802,ACOMAYO,CUSCO,MACROREGION SUR,3247,135,191.3350463375009,3112,82,3562.867877437635,0.290575481571552,39.8461881561445,16.569140745303358,15.368032029565754,4.157684016014783,0.7055685959480208,2.634961439588689
0803,ANTA,CUSCO,MACROREGION SUR,10966,562,649.6896837930367,10404,280,3257.1291223217218,0.3795032122823035,30.02157271438982,11.891300383002006,18.612073682290717,5.124931606784607,0.8650283574135204,2.6912725874663592
0804,CALCA,CUSCO,MACROREGION SUR,11615,505,688.5801217918471,11110,301,2843.5980176547564,0.382732367165983,34.22735690469244,14.532931554024968,17.37408523461042,4.3478260869565215,0.7333932305304885,2.7092709270927093
0805,CANAS,CUSCO,MACROREGION SUR,6342,242,371.47750159913085,6100,155,3904.7637931851154,0.24762946233858643,49.92804807237491,17.596972563859982,13.875748975086724,3.815830968148849,0.6514526423760308,2.540983606557377
0806,CANCHIS,CUSCO,MACROREGION SUR,16088,732,947.6620469791386,15356,332,3582.650360839135,0.454958472378726,29.619302749626943,12.25758329189458,17.11213326703133,4.549975136747887,0.772427261736814,2.162021359729096
0807,CHUMBIVILCAS,CUSCO,MACROREGION SUR,12780,567,749.635652808402,12213,323,3677.726053881847,0.32595462841227374,48.09482204788729,18.615023474178404,13.513302034428795,4.436619718309859,0.7563674404703353,2.644722836321952
0808,ESPINAR,CUSCO,MACROREGION SUR,11583,571,679.6816076542448,11012,292,3996.1573021781915,0.4380709053062763,32.46884740326306,15.030648363981697,15.030648363981697,4.929638262971596,0.84009923700991,2.651652742462768
0809,LA CONVENCION,CUSCO,MACROREGION SUR,33114,1637,1974.1957132711796,31477,643,957.20312561092,0.44984362193419125,24.833872060922996,16.98979283686658,16.868998006885306,4.943528416983753,0.8291984371131791,2.0427613813260477
0810,PARURO,CUSCO,MACROREGION SUR,4967,208,293.36421630061716,4759,116,3465.204953213207,0.23017665671111356,42.96247767243806,16.73042077712905,15.965371451580431,4.187638413529293,0.7090162618431197,2.437486866988863
0811,PAUCARTAMBO,CUSCO,MACROREGION SUR,7852,397,466.45681869320583,7455,190,3033.8315069230775,0.23392050614637516,46.82005736347394,20.12226184411615,15.00254712175242,5.056036678553235,0.851097002102378,2.5486250838363516
0812,QUISPICANCHI,CUSCO,MACROREGION SUR,16627,750,981.1250005564359,15877,381,3282.7754241023636,0.33601321844268806,41.70372396313256,16.23263366813015,15.823660311541468,4.510735550610453,0.7644285891957135,2.3996976758833535
0813,URUBAMBA,CUSCO,MACROREGION SUR,11031,556,659.3579766343148,10475,222,2993.4858132735017,0.5188330030434701,24.43600679738899,10.615538029190462,20.832200163176502,5.040340857583175,0.8432445192186733,2.119331742243437
0901,HUANCAVELICA,HUANCAVELICA,MACROREGION CENTRO,23979,1286,1424.7845106133777,22693,1080,3539.0859075503563,0.37973032021258424,37.59917535464353,19.521247758455313,16.25172025522332,5.363025981066767,0.9025926309701175,4.759176838672719
0902,ACOBAMBA,HUANCAVELICA,MACROREGION CENTRO,9270,399,551.2689788854719,8871,428,3616.945630715211,0.2915595755357406,43.42242606040974,20.69039913700108,15.52319309600863,4.3042071197411005,0.7237846047616868,4.82470972832826
0903,ANGARAES,HUANCAVELICA,MACROREGION CENTRO,10809,384,642.9542699907527,10425,447,3426.125818723286,0.3224013482609154,48.04480741613476,21.58386529743732,15.13553520214636,3.552595059672495,0.5972430978730772,4.287769784172662
0904,CASTROVIRREYNA,HUANCAVELICA,MACROREGION CENTRO,3441,177,206.78603443670505,3264,107,3255.8169129410057,0.3811379060416533,34.058516517000804,15.838419064225516,19.52920662598082,5.143853530950305,0.8559572240076869,3.278186274509804
0905,CHURCAMPA,HUANCAVELICA,MACROREGION CENTRO,7202,300,427.90722171857146,6902,272,3097.5499845876147,0.30236339592632744,40.4325786924467,22.577061927242433,14.815329075256873,4.165509580672036,0.7010865551535509,3.9408866995073892
0906,HUAYTARA,HUANCAVELICA,MACROREGION CENTRO,3965,174,238.0012495405448,3791,116,3296.7117297578816,0.35229950339925953,29.832104492559953,18.083228247162673,18.0327868852459,4.388398486759143,0.7310885986351016,3.059878659984173
0907,TAYACAJA,HUANCAVELICA,MACROREGION CENTRO,15668,671,932.6410570194644,14997,533,3147.331419980853,0.3587126445721978,42.909926478376114,21.176921113096757,14.966811335205515,4.282614245596119,0.719462214267494,3.5540441421617657
1001,HUANUCO,HUÁNUCO,MACROREGION CENTRO,55070,2658,3291.954998966429,52412,1354,2096.6328833889597,0.4825459170082023,24.151752870074365,14.385327764663156,19.13019792990739,4.82658434719448,0.8074229449778412,2.5833778524002136
1002,AMBO,HUÁNUCO,MACROREGION CENTRO,12038,552,717.8768664977931,11486,357,2415.490114774049,0.35626959460873914,35.50506159627818,17.2038544608739,16.9297225452733,4.585479315500914,0.7689340968639459,3.108131638516455
1003,DOS DE MAYO,HUÁNUCO,MACROREGION CENTRO,7544,368,451.77102245367394,7176,270,3392.0695883801695,0.36244131662005663,40.373537385074265,18.650583244962885,17.21898197242842,4.878048780487805,0.814571943993455,3.762541806020067
1004,HUACAYBAMBA,HUÁNUCO,MACROREGION CENTRO,3363,154,204.83316435623308,3209,109,3075.260183502825,0.3102994253467714,53.130895605411794,23.104371097234612,18.911685994647637,4.579244721974428,0.7518313769354887,3.396696790277345
1005,HUAMALIES,HUÁNUCO,MACROREGION CENTRO,11927,599,714.3152509402079,11328,464,2992.1754038039744,0.3575984534882025,40.12361071300397,19.954724574494843,17.162740001676866,5.022218495849753,0.8385653242200475,4.096045197740113
1006,LEONCIO PRADO,HUÁNUCO,MACROREGION CENTRO,25581,1200,1528.0127601153326,24381,425,677.6314429267816,0.4811189727793849,17.699545857863495,17.469997263594074,17.380086783159378,4.690981587897268,0.7853337559232328,1.7431606578893402
1007,MARAÑON,HUÁNUCO,MACROREGION CENTRO,5400,236,324.5153820489421,5164,181,2423.2022224314815,0.3256778743917313,37.766549351111024,21.35185185185185,16.796296296296298,4.37037037037037,0.7272382545010068,3.5050348567002323
1008,PACHITEA,HUÁNUCO,MACROREGION CENTRO,13850,538,831.8637787638909,13312,419,2591.129820429603,0.26947976224127074,46.90918954274359,24.108303249097474,15.220216606498195,3.884476534296029,0.6467405045564574,3.1475360576923075
1009,PUERTO INCA,HUÁNUCO,MACROREGION CENTRO,9115,453,550.7091893537129,8662,281,248.8426772857927,0.3899609311041765,23.603696684366344,26.242457487657706,13.867251782775645,4.969829950630828,0.8225757055763316,3.2440544908797047
1010,LAURICOCHA,HUÁNUCO,MACROREGION CENTRO,4670,232,280.00956540843055,4438,187,3549.294219473233,0.40465734840866896,33.50804293169161,17.02355460385439,18.265524625267666,4.967880085653105,0.8285431237379255,4.213609734114466
1011,YAROWILCA,HUÁNUCO,MACROREGION CENTRO,7039,290,421.68650839591675,6749,240,3484.0752946327607,0.2953464821378153,43.550255301463245,17.459866458303736,17.81503054411138,4.11990339536866,0.6877146748259781,3.5560823825751964
1101,ICA,ICA,MACROREGION CENTRO,67500,3730,3991.120279604982,63770,936,444.12207756681477,0.63682615181735,3.2346103427198982,10.925925925925926,18.545185185185186,5.525925925925926,0.9345746904849417,1.4677748157440802
1102,CHINCHA,ICA,MACROREGION CENTRO,41092,2376,2426.678217781081,38716,701,209.47303595298357,0.5865287867639574,3.467075086975784,14.23148058016159,16.857295824004673,5.78214737661832,0.9791162184546164,1.810620931914454
1103,NAZCA,ICA,MACROREGION CENTRO,11983,540,707.577014310272,11443,165,465.5088896912293,0.6111834642750255,3.091322042727358,9.805557873654344,18.643077693398983,4.506384044062422,0.7631678094099456,1.441929563925544
1104,PALPA,ICA,MACROREGION CENTRO,2503,127,149.0421716489223,2376,45,423.4202960687175,0.6050200835151089,4.6947550023972235,11.905713144226928,18.897323212145427,5.073911306432281,0.8521078201890137,1.893939393939394
1105,PISCO,ICA,MACROREGION CENTRO,29148,1435,1720.3135043526886,27713,509,102.07204460477564,0.5708214956084399,3.7088183914851633,13.331961026485523,16.999451077260876,4.923150816522575,0.8341502850318873,1.8366831450943601
1201,HUANCAYO,JUNÍN,MACROREGION CENTRO,84591,4323,5040.205380290251,80268,2860,3279.6636281819574,0.565418142782768,13.125401276625022,10.376990459978012,20.556560390585286,5.110472745327517,0.8577031437855913,3.563063736482783
1202,CONCEPCION,JUNÍN,MACROREGION CENTRO,9386,456,559.1048607746898,8930,390,3311.0087348060943,0.42938095036412594,27.530656163647954,15.118261240144896,18.069465160877904,4.8582995951417,0.8155894036910558,4.367301231802911
1203,CHANCHAMAYO,JUNÍN,MACROREGION CENTRO,31188,1366,1867.1279579772015,29822,675,681.4492096546749,0.48064495288084524,25.723159108246655,19.642170065409772,16.37809413877132,4.379889701167116,0.731604919825575,2.2634296827845213
1204,JAUJA,JUNÍN,MACROREGION CENTRO,12912,742,767.4001013183433,12170,443,3405.915895733426,0.4938023885641809,24.55449042324948,13.909541511771994,18.42472118959108,5.746592317224287,0.9669010972572096,3.640098603122432
1205,JUNIN,JUNÍN,MACROREGION CENTRO,4297,236,255.61119589955848,4061,178,4004.854081363742,0.4092541354812224,35.67729408377932,16.174074936001862,17.52385385152432,5.492203863160344,0.9232772420998937,4.383156857916769
1206,SATIPO,JUNÍN,MACROREGION CENTRO,37127,1819,2220.710156913765,35308,1261,702.950711163035,0.39391128617107424,35.29841199738749,22.565787701672637,14.369596250707033,4.899399358957093,0.8191073447099273,3.5714285714285716
1207,TARMA,JUNÍN,MACROREGION CENTRO,13864,775,825.5259290790646,13089,358,3090.2385287766874,0.47019244699505397,23.661479475908727,16.09924985574149,17.45527986151183,5.5900173110213505,0.93879546686628,2.735121094048438
1208,YAULI,JUNÍN,MACROREGION CENTRO,5295,338,313.63470643834535,4957,244,3937.810197495751,0.6240943331898858,13.28667729537286,12.256846081208687,18.9423984891407,6.383380547686497,1.0776868537233917,4.922332055678838
1209,CHUPACA,JUNÍN,MACROREGION CENTRO,9703,481,573.7273937387528,9222,345,3325.755435866227,0.5098917611940587,19.615892408327355,11.985983716376378,18.47882098320107,4.957229722766154,0.8383772593905874,3.741054001301236
1301,TRUJILLO,LA LIBERTAD,MACROREGION NORTE,134141,9155,7951.444017065688,124986,1966,85.47355004763645,0.6273317905132477,15.358032427371326,11.320178021633952,19.044140121215737,6.824908119068741,1.1513631964648428,1.5729761733314132
1302,ASCOPE,LA LIBERTAD,MACROREGION NORTE,14891,1078,880.6664786953629,13813,273,114.54435458061917,0.580539618447476,22.801794401114623,15.902222819152508,16.305150762205358,7.239272043516218,1.22407293348666,1.976399044378484
1303,BOLIVAR,LA LIBERTAD,MACROREGION NORTE,2508,101,153.0615983639418,2407,59,3114.590908413078,0.28171542252036075,54.266787540270975,25.358851674641148,17.22488038277512,4.027113237639553,0.6598650548509726,2.4511840465309516
1304,CHEPEN,LA LIBERTAD,MACROREGION NORTE,12018,709,707.8294604095499,11309,184,136.0399390996838,0.5589640021723418,26.633083002995296,16.18405724746214,15.335330337826594,5.899484107172574,1.0016537028421688,1.627022725263065
1305,JULCAN,LA LIBERTAD,MACROREGION NORTE,5294,293,315.05040396720807,5001,240,3339.343783486966,0.21896775707011124,52.14171299301064,23.970532678503968,13.902531167359275,5.534567434831885,0.9300099168591982,4.799040191961607
1306,OTUZCO,LA LIBERTAD,MACROREGION NORTE,9240,594,552.6296048885795,8646,384,2840.4893917218615,0.2817341571155842,45.85435590800854,21.32034632034632,15.909090909090908,6.428571428571429,1.0748609823749156,4.441360166551006
1307,PACASMAYO,LA LIBERTAD,MACROREGION NORTE,14500,882,852.0501838516619,13618,238,77.3995180262069,0.5782203567721165,24.39318892255192,16.324137931034482,14.558620689655172,6.082758620689655,1.0351502959754684,1.7476868850051404
1308,PATAZ,LA LIBERTAD,MACROREGION NORTE,10777,644,648.6699167168179,10133,266,3034.89616935882,0.3456061457218156,48.509174917880514,22.05623086202097,16.321796418298227,5.975688967245059,0.9928007811115178,2.6250863515247214
1309,SANCHEZ CARRION,LA LIBERTAD,MACROREGION NORTE,27624,1353,1652.1357793368693,26271,1099,3059.026425672603,0.27283726250968865,47.89038347596315,21.209817549956558,16.14900086880973,4.897914856646395,0.8189399545254472,4.18332001065814
1310,SANTIAGO DE CHUCO,LA LIBERTAD,MACROREGION NORTE,8703,514,519.689660474207,8189,389,3239.8591280696314,0.34334623484998056,46.18392450557301,21.52131448925658,15.649775939331265,5.906009422038378,0.9890518112886538,4.750274758822811
1311,GRAN CHIMU,LA LIBERTAD,MACROREGION NORTE,3891,229,232.9765877121096,3662,122,1763.9511716910818,0.3709819675995428,45.08636934104327,21.613980981752764,14.649190439475714,5.885376509894629,0.9829313848607677,3.3315128345166576
1312,VIRU,LA LIBERTAD,MACROREGION NORTE,21309,1285,1259.9414182838113,20024,325,90.72166528039794,0.5010145561539258,33.023985829555684,18.29743300952649,14.256886761462292,6.030315828992444,1.0198886879600493,1.6230523371953656
1401,CHICLAYO,LAMBAYEQUE,MACROREGION NORTE,105981,7881,6273.270197860458,98100,2073,45.71280420499901,0.5747791692208633,11.782446726856474,13.024976174974759,17.895660542927505,7.436238571064624,1.2562825689682342,2.1131498470948014
1402,FERREÑAFE,LAMBAYEQUE,MACROREGION NORTE,14159,891,839.1052219094416,13268,333,794.0472482004379,0.39253643033588453,29.019171749346796,17.395296277985732,15.785013065894484,6.292817289356593,1.0618453761644675,2.509798010250226
1403,LAMBAYEQUE,LAMBAYEQUE,MACROREGION NORTE,55443,3455,3251.5380186117986,51988,1043,73.24473609544938,0.46488740056215794,25.377979952978425,16.900239886009054,14.046858936204751,6.231625272802698,1.0625740742453527,2.0062322074324843
1501,LIMA,LIMA,LIMA Y CALLAO,1273450,77836,76129.54983606157,1195614,18390,194.72161644841964,0.7240943806302661,13.638328239277456,8.121088381954532,22.32172444933056,6.112214849424791,1.0224150828109864,1.538121835308051
1502,BARRANCA,LIMA,LIMA Y CALLAO,19487,1240,1158.150059881799,18247,224,68.48467925386156,0.6297967610648227,12.581342165546348,13.511571817108841,18.309642325652998,6.363216503309899,1.070673000808336,1.2275990573792952
1503,CAJATAMBO,LIMA,LIMA Y CALLAO,828,44,49.71311546174629,784,16,3132.1014509057973,0.3632354234008461,31.789336891304313,20.169082125603865,17.51207729468599,5.314009661835748,0.8850783056205264,2.0408163265306123
1504,CANTA,LIMA,LIMA Y CALLAO,2023,121,119.97468539121361,1902,48,1956.2698938210576,0.5600175459614479,13.176716811171795,12.555610479485912,18.783984181908057,5.981216015818092,1.008546091247858,2.5236593059936907
1505,CAÑETE,LIMA,LIMA Y CALLAO,40488,2067,2402.198397672685,38421,594,108.02734136287296,0.6837157047295781,14.512526854103157,13.557103339261015,17.98063623789765,5.105216360403082,0.860461817809289,1.5460295151089247
1506,HUARAL,LIMA,LIMA Y CALLAO,28494,1516,1688.8708314485116,26978,389,242.77247616971994,0.6296286929096274,12.333833027233613,11.781427668982944,18.523197866217448,5.320418333684285,0.8976411764419878,1.4419156349618207
1507,HUAROCHIRI,LIMA,LIMA Y CALLAO,16361,830,979.8124725064695,15531,298,2726.144859755516,0.46406950622147936,17.112575590071298,10.824521728500702,21.636819265326082,5.07303954526007,0.8471008721462461,1.918743158843603
1508,HUAURA,LIMA,LIMA Y CALLAO,34016,2158,2006.651402933652,31858,433,230.87884966368767,0.642347863452297,14.03345793705915,11.703316086547508,17.491768579492003,6.344073377234243,1.075423462612929,1.359156255885492
1509,OYON,LIMA,LIMA Y CALLAO,2234,172,132.8791149428387,2062,42,3322.053713160251,0.5336697014858537,24.756727463741935,14.77170993733214,17.72605192479857,7.699194270367054,1.2944095847868202,2.0368574199806013
1510,YAUYOS,LIMA,LIMA Y CALLAO,3191,155,191.38078932058215,3036,78,2982.2585391914763,0.3771645367358946,26.98156190100281,13.694766530868067,19.74302726418051,4.857411469758697,0.8099036509895429,2.569169960474308
1601,MAYNAS,LORETO,MACROREGION ORIENTE,105101,9381,6254.436217330585,95720,3615,117.66431678842257,0.5369059093423185,23.864989841587008,21.52120341385905,14.331928335600994,8.925700040913027,1.4998953820978995,3.7766402005850397
1602,ALTO AMAZONAS,LORETO,MACROREGION ORIENTE,32065,1832,1920.5341842875239,30233,1224,157.47918705130206,0.39610320439855173,37.63506111195987,26.184313113987212,12.92998596600655,5.713394667082489,0.9539012713171944,4.048556213409189
1603,LORETO,LORETO,MACROREGION ORIENTE,15633,1080,943.5817443316644,14553,626,122.57314830614726,0.3701520278007441,43.879404420968335,27.665835092432676,13.337171368259451,6.90846286701209,1.1445749204961146,4.301518587232873
1604,MARISCAL RAMON CASTILLA,LORETO,MACROREGION ORIENTE,13620,662,821.5025249942656,12958,441,91.9005175154185,0.35253503461438074,43.64060853318626,27.32745961820852,13.597650513950073,4.860499265785609,0.805840493313908,3.4033029788547617
1605,REQUENA,LORETO,MACROREGION ORIENTE,14879,936,899.9961431888478,13943,471,113.0719162477317,0.38022497520926396,47.19163443665575,26.91713152765643,13.97271321997446,6.290745345789367,1.0400044567786526,3.378039159434842
1606,UCAYALI,LORETO,MACROREGION ORIENTE,13697,764,827.8275813139089,12933,526,131.32517666642332,0.3983189834295051,42.01839083573045,26.122508578520844,14.711250638826021,5.577863765788129,0.9228974936875101,4.067115131833295
1607,DATEM DEL MARAÑON,LORETO,MACROREGION ORIENTE,9226,516,557.008726019085,8710,421,144.19889637329285,0.3359309548290743,42.847914933882485,29.536093648385,12.952525471493605,5.59288965965749,0.9263768696907634,4.8335246842709525
1608,PUTUMAYO,LORETO,MACROREGION ORIENTE,1460,79,88.94077295011073,1381,64,137.5534268972603,0.42093532941489886,42.653349852054895,24.794520547945204,14.863013698630137,5.410958904109589,0.8882315430776976,4.634322954380884
1701,TAMBOPATA,MADRE DE DIOS,MACROREGION SUR,30230,1286,1784.2949724231003,28944,523,224.24045952795237,0.6117556334745391,5.209288930135537,13.49321865696328,16.85742639761826,4.254052265960966,0.7207328495991848,1.806937534549475
1702,MANU,MADRE DE DIOS,MACROREGION SUR,3678,125,220.34797303434135,3553,81,359.37221669929306,0.5892398982696059,6.008820844752742,13.213703099510603,20.282762370853725,3.3985861881457313,0.5672845467043106,2.2797635800731775
1703,TAHUAMANU,MADRE DE DIOS,MACROREGION SUR,2252,106,134.02144513239512,2146,51,260.9835732815275,0.6421332041466518,5.373528105239695,17.45115452930728,15.36412078152753,4.706927175843695,0.7909181989142581,2.376514445479963
1801,MARISCAL NIETO,MOQUEGUA,MACROREGION SUR,11879,641,702.9279493742355,11238,97,1671.2476412467379,0.6941205646493958,8.790070343101839,7.39119454499537,20.380503409377894,5.396077110867918,0.9119000042189739,0.8631429079907457
1802,GENERAL SANCHEZ CERRO,MOQUEGUA,MACROREGION SUR,1893,63,113.22867463793648,1830,29,3064.32963298468,0.5123281976215636,21.753541477020477,10.089804543053354,20.760697305863708,3.3280507131537242,0.5563961620274259,1.5846994535519126
1803,ILO,MOQUEGUA,MACROREGION SUR,11115,664,656.8775526267135,10451,86,39.17013002609087,0.6859688373242793,6.028196516688865,7.503373819163293,19.91902834008097,5.973909131803869,1.0108428844079165,0.8228877619366568
1901,PASCO,PASCO,MACROREGION CENTRO,22298,1645,1325.8879836695455,20653,1278,3987.0419296524356,0.5392458103508039,31.621698227015813,10.65566418512871,19.983855054264957,7.377343259485156,1.2406779609294563,6.187963007795478
1902,DANIEL ALCIDES CARRION,PASCO,MACROREGION CENTRO,5817,363,346.9513177433315,5454,259,3463.578993017019,0.3865402024854244,53.84606598555931,10.81313391782706,20.405707409317518,6.2403300670448685,1.0462562942866267,4.7488082141547485
1903,OXAPAMPA,PASCO,MACROREGION CENTRO,21406,1088,1287.5721812934767,20318,725,836.8443912505838,0.4054386222690855,35.91983778786312,22.489021769597308,15.14061478090255,5.082687097075587,0.8450011702699345,3.568264592971749
2001,PIURA,PIURA,MACROREGION NORTE,112847,8113,6655.484671285051,104734,2961,56.38010797566617,0.5540734204257614,23.42095434358025,13.809848733240582,16.889239412656075,7.189380311395075,1.2189946188296952,2.8271621440983825
2002,AYABACA,PIURA,MACROREGION NORTE,19240,960,1151.5259051962275,18280,484,1731.0522343191267,0.23602674005909546,56.40681918238024,21.075883575883577,15.893970893970893,4.98960498960499,0.8336764250530775,2.647702407002188
2003,HUANCABAMBA,PIURA,MACROREGION NORTE,18237,890,1090.1897875341413,17347,474,1933.8176249569556,0.2572874295962264,49.39349478642291,19.0930525854033,16.916159456050885,4.880188627515491,0.816371617287901,2.732460944255491
2004,MORROPON,PIURA,MACROREGION NORTE,27722,1925,1640.81111807093,25797,738,324.6690009923526,0.429401194215732,34.887641133070986,15.648221629031095,16.59692662867037,6.943943438424356,1.1732002415142002,2.8607977671822304
2005,PAITA,PIURA,MACROREGION NORTE,23193,1708,1355.8492446307564,21485,569,58.830037635493476,0.5443318990937402,22.366801995041634,15.18992799551589,14.478506445910403,7.36429094985556,1.25972707272861,2.648359320456132
2006,SULLANA,PIURA,MACROREGION NORTE,47413,3532,2785.3844367339707,43881,1172,73.94379050471389,0.5403315408394829,21.81896041222874,15.276400987071057,15.41349418935735,7.449433699618248,1.2680475820212023,2.670859825436977
2007,TALARA,PIURA,MACROREGION NORTE,18889,1464,1107.7209262399144,17425,434,33.62729798560009,0.5846071149019506,15.669134564825956,14.352268516067552,15.591084758324952,7.750542643866801,1.3216325207193218,2.490674318507891
2008,SECHURA,PIURA,MACROREGION NORTE,12469,850,735.2242879469848,11619,429,17.16681251664127,0.4626778670203422,28.401435448071332,14.6844173550405,16.44077311733098,6.816905926698212,1.1561097938882174,3.692228246837077
2101,PUNO,PUNO,MACROREGION SUR,28709,1483,1700.5355379614975,27226,643,3863.268560200982,0.49608619142412486,29.239123037653442,9.930683757706642,19.492145320282837,5.165627503570309,0.8720782170643335,2.361713068390509
2102,AZANGARO,PUNO,MACROREGION SUR,19100,883,1113.7442190216582,18217,475,3904.008275101047,0.305054262927941,41.461751944816676,14.157068062827225,14.015706806282722,4.62303664921466,0.7928211746640087,2.6074545753966074
2103,CARABAYA,PUNO,MACROREGION SUR,9715,510,569.9416761195954,9205,288,3546.1745721471952,0.3628840627349118,49.63667335440049,16.96345856922285,13.947503860010293,5.249613998970664,0.8948284032715351,3.128734383487235
2104,CHUCUITO,PUNO,MACROREGION SUR,11050,476,648.4218249344939,10574,246,3869.089594135747,0.3399084553564028,48.319073264706034,15.936651583710407,14.714932126696832,4.3076923076923075,0.7340900347518182,2.3264611310762247
2105,EL COLLAO,PUNO,MACROREGION SUR,8800,317,513.2254164957019,8483,161,3911.731587854545,0.378292779286424,41.40693705659125,14.647727272727273,14.272727272727273,3.602272727272727,0.6176623172025908,1.8979134740068373
2106,HUANCANE,PUNO,MACROREGION SUR,8751,375,509.2542115742251,8376,202,3902.0714173157353,0.31236720694416187,42.748409742772424,13.221346131870643,14.12410010284539,4.285224545766198,0.7363709351382415,2.4116523400191023
2107,LAMPA,PUNO,MACROREGION SUR,6754,352,396.4859234111707,6402,219,3987.12851661978,0.41913930052029486,47.179787061148964,13.769618004145691,15.975718092981937,5.2117263843648205,0.8877994884952394,3.420805998125586
2108,MELGAR,PUNO,MACROREGION SUR,10788,578,634.8955097592328,10210,305,3982.351592432332,0.42568436474805277,41.64548201557267,14.729328883945124,15.813867259918428,5.3578049684835,0.9103860259134469,2.9872673849167484
2109,MOHO,PUNO,MACROREGION SUR,2940,136,171.04508182654146,2804,66,3893.0442191122447,0.2646529208449166,49.06934388367358,17.07482993197279,12.006802721088436,4.625850340136054,0.7951120169471986,2.353780313837375
2110,SAN ANTONIO DE PUTINA,PUNO,MACROREGION SUR,3764,206,219.19819175877095,3558,137,3948.4070154489905,0.3764059315211554,45.65965351673714,13.947927736450584,13.682252922422954,5.472901168969182,0.9397887744744918,3.850477796514896
2111,SAN ROMAN,PUNO,MACROREGION SUR,37158,2074,2189.870468256013,35084,1063,3876.371628614565,0.5550699673474393,23.138158291458026,8.816405619247538,19.088756122503902,5.5815705904515855,0.947087980802677,3.0298711663436326
2112,SANDIA,PUNO,MACROREGION SUR,7070,288,414.0708382180337,6782,137,2245.5813315742575,0.3895076107136173,37.98499070777913,16.690240452616692,13.564356435643564,4.073550212164074,0.6955331634543902,2.020053081686818
2113,YUNGUYO,PUNO,MACROREGION SUR,4745,185,276.97569066109844,4560,105,3852.3365622950478,0.36855004245347905,45.026161335721845,14.794520547945206,14.099051633298208,3.898840885142255,0.6679286530829959,2.3026315789473686
2201,MOYOBAMBA,SAN MARTÍN,MACROREGION ORIENTE,22410,1417,1340.8717216707605,20993,458,915.5654661387772,0.4796484508012044,22.178278910352432,19.254796965640338,16.675591253904507,6.323070058009817,1.0567752135412192,2.1816796074882103
2202,BELLAVISTA,SAN MARTÍN,MACROREGION ORIENTE,9878,708,592.7834670889027,9170,226,280.2724222352703,0.42382701703164427,32.05019461095355,22.838631301882973,15.681312006479045,7.167442802186677,1.1943652940877612,2.4645583424209376
2203,EL DORADO,SAN MARTÍN,MACROREGION ORIENTE,8493,488,506.67214446922344,8005,316,362.11138322736366,0.3386994635597051,35.21386114506061,23.07782880018839,14.011538914400095,5.7459083951489465,0.9631474817136753,3.947532792004997
2204,HUALLAGA,SAN MARTÍN,MACROREGION ORIENTE,4753,327,283.7875303512236,4426,102,320.65958246370707,0.41028968494355844,22.01181601094066,20.008415737428994,15.926783084367768,6.879865348201136,1.1522705017915882,2.304563940352463
2205,LAMAS,SAN MARTÍN,MACROREGION ORIENTE,16435,1053,984.3683264283493,15382,524,524.7911137164588,0.35614708831410014,28.645227703559264,23.480377243687254,14.219653179190752,6.407058107696988,1.0697215378929061,3.4065791184501366
2206,MARISCAL CACERES,SAN MARTÍN,MACROREGION ORIENTE,11810,730,706.1905412791923,11080,260,302.1134605021169,0.4398860285479953,24.299039729636057,22.760372565622355,14.546994072819645,6.181202370872143,1.0337153463960014,2.3465703971119134
2207,PICOTA,SAN MARTÍN,MACROREGION ORIENTE,8010,529,477.477461799927,7481,191,242.963921247191,0.43553973265174034,32.39973235156068,19.67540574282147,15.630461922596755,6.604244694132334,1.1079056967544616,2.5531346076727712
2208,RIOJA,SAN MARTÍN,MACROREGION ORIENTE,24282,1210,1452.5053870492507,23072,513,875.8782604600116,0.4583743896464895,30.257293654558968,20.24956758092414,16.127172391071575,4.983115064656947,0.8330433819994997,2.2234743411927878
2209,SAN MARTIN,SAN MARTÍN,MACROREGION ORIENTE,33787,2772,1995.119356385285,31015,913,333.15739826560514,0.5803962778056425,16.990073740107142,15.254387782283127,15.935122976292657,8.204338946932252,1.3893905600827063,2.9437369014992747
2210,TOCACHE,SAN MARTÍN,MACROREGION ORIENTE,14611,741,872.7928812643061,13870,227,557.8078151125864,0.5037493889378676,20.740347898272084,18.71192936828417,16.13168160974608,5.071521456436931,0.8489986752946539,1.6366258111031002
2301,TACNA,TACNA,MACROREGION SUR,40848,2271,2434.1571233699924,38577,332,610.1121010852428,0.6118436785386638,14.695145669139336,7.060321190755974,22.00352526439483,5.559635722679201,0.9329718193605727,0.860616429478705
2302,CANDARAVE,TACNA,MACROREGION SUR,681,38,40.60213509530796,643,6,3345.914833171806,0.36114594421231505,26.60827037885466,8.076358296622614,20.998531571218795,5.580029368575624,0.935911372906873,0.9331259720062208
2303,JORGE BASADRE,TACNA,MACROREGION SUR,1372,79,81.20137411054222,1293,13,782.0123880830904,0.679526782747619,7.96299164577297,7.871720116618076,20.335276967930028,5.75801749271137,0.9728899401684334,1.005413766434648
2304,TARATA,TACNA,MACROREGION SUR,884,51,53.849715413839014,833,9,3068.1708148755656,0.4087108405282778,30.63610678054289,10.294117647058824,25.339366515837103,5.769230769230769,0.9470802140375535,1.0804321728691477
2401,TUMBES,TUMBES,MACROREGION NORTE,28015,2031,1650.558784350317,25984,635,13.724394608245582,0.5903724224835466,10.13433048706071,16.31268963055506,15.459575227556666,7.249687667321078,1.2304923758286077,2.4438115763546797
2402,CONTRALMIRANTE VILLAR,TUMBES,MACROREGION NORTE,3544,262,208.53357510292182,3282,64,39.78555151241535,0.5470492879561835,10.719284428047116,17.2686230248307,14.813769751693002,7.3927765237020315,1.2563924052550761,1.9500304692260817
2403,ZARUMILLA,TUMBES,MACROREGION NORTE,9551,599,561.7809960605911,8952,265,20.575749865982615,0.5058525572799975,9.445746345199533,17.86200397864098,14.385928175060203,6.271594597424354,1.066251803105484,2.960232350312779
2501,CORONEL PORTILLO,UCAYALI,MACROREGION ORIENTE,94492,6918,5642.632866344584,87574,3171,156.77945336314184,0.5134010098035793,10.062563207679345,20.805994158235617,14.965288066714642,7.321254709393388,1.2260234120958549,3.6209377212414644
2502,ATALAYA,UCAYALI,MACROREGION ORIENTE,12874,772,784.2132005392939,12102,644,247.98027309150226,0.325853487209614,32.14033267422715,28.631350007767594,13.75640826471959,5.996582258816218,0.9844261732257312,5.32143447364072
2503,PADRE ABAD,UCAYALI,MACROREGION ORIENTE,16772,945,1006.4682365769503,15827,354,237.1130705902695,0.4358825205721582,10.647534088646882,22.859527784402577,14.398998330550919,5.634390651085142,0.9389267993334723,2.236684147343148
2504,PURUS,UCAYALI,MACROREGION ORIENTE,1015,91,62.273077389189254,924,58,228.0,0.34842380144110596,31.928338,24.82758620689655,14.975369458128078,8.96551724137931,1.46130565270246,6.2770562770562774
