variable,grupo,n,media,desviacion,p5,p25,mediana,p75,p95
Peso al nacer (g),Todos,4805234,3265.6577536078366,505.9661406150932,2460.0,2990.0,3280.0,3580.0,4040.0
Peso al nacer (g),Bajo peso (<2500 g),261849,2057.5798609122053,446.57859184082315,1030.0,1880.0,2220.0,2390.0,2475.0
Peso al nacer (g),Peso ≥2500 g,4543385,3335.2829313386383,412.67628541638646,2695.0,3040.0,3310.0,3600.0,4050.0
Talla (cm),Todos,4799541,49.229617415498964,2.4014755552322695,45.5,48.0,49.5,50.8,52.0
Talla (cm),Bajo peso (<2500 g),259753,43.95448907231101,3.7463440287347356,36.0,42.5,45.0,46.0,48.0
Talla (cm),Peso ≥2500 g,4539788,49.531444375816875,1.900195102324707,46.5,48.3,50.0,51.0,52.5
Semanas de gestación,Todos,4805234,38.67643740138357,1.6263439030585307,36.0,38.0,39.0,40.0,40.0
Semanas de gestación,Bajo peso (<2500 g),261849,35.13958426421335,3.412046345039441,28.0,34.0,36.0,38.0,39.0
Semanas de gestación,Peso ≥2500 g,4543385,38.88027693008627,1.1678902633280093,37.0,38.0,39.0,40.0,40.0
Edad de la madre (años),Todos,4805175,27.75227645195024,6.919290766080113,17.0,22.0,28.0,33.0,39.0
Edad de la madre (años),Bajo peso (<2500 g),261844,27.657914636195596,7.659307512443259,16.0,21.0,27.0,34.0,40.0
Edad de la madre (años),Peso ≥2500 g,4543331,27.757714769185867,6.874175641259588,17.0,22.0,28.0,33.0,39.0
Altitud del distrito (msnm),Todos,4793269,1092.19368,1355.8412605198978,27.0,107.0,222.0,2450.0,3714.0
Altitud del distrito (msnm),Bajo peso (<2500 g),261165,1204.21385,1422.1307191114934,27.0,107.0,222.0,2688.0,3833.0
Altitud del distrito (msnm),Peso ≥2500 g,4532104,1085.73846,1351.639530987518,27.0,107.0,222.0,2441.0,3713.0
IDH 2019 del distrito,Todos,4793269,0.5618067047156056,0.1589933766806115,0.262490230333891,0.451502122786866,0.5997462042553469,0.686854963693964,0.762167135992239
IDH 2019 del distrito,Bajo peso (<2500 g),261165,0.5434071922994057,0.1627327340647839,0.2517980913588909,0.419285303672753,0.5759734352119,0.6762005080600119,0.7584625995633119
IDH 2019 del distrito,Peso ≥2500 g,4532104,0.5628669867965501,0.15871024044288382,0.262794163222554,0.453060763321302,0.5997462042553469,0.686854963693964,0.762167135992239
Pobreza del distrito (%),Todos,4793269,21.976081648256,15.635648389858131,2.747559,10.343179,17.70394,30.57779,53.362777
Pobreza del distrito (%),Bajo peso (<2500 g),261165,23.649728120288,16.531470073465396,3.123501,11.057018,19.176021,33.594622,54.88722
Pobreza del distrito (%),Peso ≥2500 g,4532104,21.879636844503,15.576980012006791,2.747559,10.343179,17.70394,30.418051,53.241338
