Variable,Categoría,Total n (%),Bajo peso n (%),Peso ≥2500 g n (%),% bajo peso
Edad de la madre,10-14,"24,989 (0.5)","2,885 (1.1)","22,104 (0.5)",11.55
Edad de la madre,15-19,"615,430 (12.8)","43,961 (16.8)","571,469 (12.6)",7.14
Edad de la madre,20-34,"3,258,293 (67.8)","157,627 (60.2)","3,100,666 (68.2)",4.84
Edad de la madre,35-39,"670,852 (14.0)","39,303 (15.0)","631,549 (13.9)",5.86
Edad de la madre,40-44,"220,995 (4.6)","16,457 (6.3)","204,538 (4.5)",7.45
Edad de la madre,45-60,"14,616 (0.3)","1,611 (0.6)","13,005 (0.3)",11.02
Edad de la madre,SIN DATO,59 (0.0),5 (0.0),54 (0.0),8.47
Nivel de instrucción,NINGUN NIVEL/ILETRADO,"39,912 (0.8)","3,564 (1.4)","36,348 (0.8)",8.93
Nivel de instrucción,INICIAL/PRE-ESCOLAR,841 (0.0),76 (0.0),765 (0.0),9.04
Nivel de instrucción,PRIMARIA INCOMPLETA,"272,140 (5.7)","18,398 (7.0)","253,742 (5.6)",6.76
Nivel de instrucción,PRIMARIA COMPLETA,"383,768 (8.0)","24,131 (9.2)","359,637 (7.9)",6.29
Nivel de instrucción,SECUNDARIA INCOMPLETA,"808,182 (16.8)","49,131 (18.8)","759,051 (16.7)",6.08
Nivel de instrucción,SECUNDARIA COMPLETA,"1,688,784 (35.1)","87,264 (33.3)","1,601,520 (35.2)",5.17
Nivel de instrucción,SUPERIOR NO UNIV. INCOMPLETA,"282,746 (5.9)","13,909 (5.3)","268,837 (5.9)",4.92
Nivel de instrucción,SUPERIOR NO UNIV. COMPLETA,"555,759 (11.6)","25,766 (9.8)","529,993 (11.7)",4.64
Nivel de instrucción,SUPERIOR UNIV. INCOMPLETA,"223,047 (4.6)","11,587 (4.4)","211,460 (4.7)",5.19
Nivel de instrucción,SUPERIOR UNIV. COMPLETA,"547,457 (11.4)","27,792 (10.6)","519,665 (11.4)",5.08
Nivel de instrucción,SIN DATO,"2,598 (0.1)",231 (0.1),"2,367 (0.1)",8.89
Estado civil,SOLTERO,"4,067,955 (84.7)","215,425 (82.3)","3,852,530 (84.8)",5.3
Estado civil,CASADO,"435,576 (9.1)","21,953 (8.4)","413,623 (9.1)",5.04
Estado civil,CONVIVIENTE,"80,004 (1.7)","5,744 (2.2)","74,260 (1.6)",7.18
Estado civil,DIVORCIADO,"18,626 (0.4)","1,001 (0.4)","17,625 (0.4)",5.37
Estado civil,VIUDO,"2,074 (0.0)",113 (0.0),"1,961 (0.0)",5.45
Estado civil,SEPARADO,73 (0.0),4 (0.0),69 (0.0),5.48
Estado civil,SIN DATO,"200,926 (4.2)","17,609 (6.7)","183,317 (4.0)",8.76
Hijos vivos,1,"1,825,908 (38.0)","114,355 (43.7)","1,711,553 (37.7)",6.26
Hijos vivos,2,"1,512,764 (31.5)","70,759 (27.0)","1,442,005 (31.7)",4.68
Hijos vivos,3,"833,296 (17.3)","41,950 (16.0)","791,346 (17.4)",5.03
Hijos vivos,4,"343,903 (7.2)","18,148 (6.9)","325,755 (7.2)",5.28
Hijos vivos,>=5,"252,254 (5.2)","14,158 (5.4)","238,096 (5.2)",5.61
Hijos vivos,SIN DATO,"37,109 (0.8)","2,479 (0.9)","34,630 (0.8)",6.68
Embarazos,1,"1,447,573 (30.1)","92,081 (35.2)","1,355,492 (29.8)",6.36
Embarazos,2,"1,386,269 (28.8)","66,333 (25.3)","1,319,936 (29.1)",4.79
Embarazos,3,"948,945 (19.7)","46,772 (17.9)","902,173 (19.9)",4.93
Embarazos,4,"514,078 (10.7)","27,425 (10.5)","486,653 (10.7)",5.33
Embarazos,>=5,"459,016 (9.6)","26,495 (10.1)","432,521 (9.5)",5.77
Embarazos,SIN DATO,"49,353 (1.0)","2,743 (1.0)","46,610 (1.0)",5.56
Financiador del parto,SIS,"3,373,531 (70.2)","195,773 (74.8)","3,177,758 (69.9)",5.8
Financiador del parto,ESSALUD,"858,019 (17.9)","45,895 (17.5)","812,124 (17.9)",5.35
Financiador del parto,PARTICULAR,"280,907 (5.8)","9,979 (3.8)","270,928 (6.0)",3.55
Financiador del parto,PRIVADOS,"233,421 (4.9)","7,740 (3.0)","225,681 (5.0)",3.32
Financiador del parto,SANIDAD PNP,"13,046 (0.3)",496 (0.2),"12,550 (0.3)",3.8
Financiador del parto,SANIDAD NAVAL,"3,043 (0.1)",107 (0.0),"2,936 (0.1)",3.52
Financiador del parto,SANIDAD EP,"2,661 (0.1)",47 (0.0),"2,614 (0.1)",1.77
Financiador del parto,SANIDAD FAP,"2,554 (0.1)",109 (0.0),"2,445 (0.1)",4.27
Financiador del parto,SIN DATO,"38,052 (0.8)","1,703 (0.7)","36,349 (0.8)",4.48
País de la madre,PERU,"4,687,639 (97.6)","253,441 (96.8)","4,434,198 (97.6)",5.41
País de la madre,VENEZUELA,"100,313 (2.1)","7,272 (2.8)","93,041 (2.0)",7.25
País de la madre,OTRO,"17,282 (0.4)","1,136 (0.4)","16,146 (0.4)",6.57
Sexo del recién nacido,MASCULINO,"2,457,044 (51.1)","128,226 (49.0)","2,328,818 (51.3)",5.22
Sexo del recién nacido,FEMENINO,"2,348,190 (48.9)","133,623 (51.0)","2,214,567 (48.7)",5.69
Semanas de gestación,22-27 semanas,"10,760 (0.2)","10,760 (4.1)",0 (0.0),100.0
Semanas de gestación,28-31 semanas,"23,617 (0.5)","23,378 (8.9)",239 (0.0),98.99
Semanas de gestación,32-33 semanas,"32,128 (0.7)","29,587 (11.3)","2,541 (0.1)",92.09
Semanas de gestación,34-36 semanas,"219,790 (4.6)","92,677 (35.4)","127,113 (2.8)",42.17
Semanas de gestación,37-41 semanas,"4,500,405 (93.7)","105,205 (40.2)","4,395,200 (96.7)",2.34
Semanas de gestación,42-44 semanas,"18,534 (0.4)",242 (0.1),"18,292 (0.4)",1.31
Macrorregión de residencia,LIMA Y CALLAO,"1,575,423 (32.8)","72,336 (27.6)","1,503,087 (33.1)",4.59
Macrorregión de residencia,MACROREGION NORTE,"1,153,566 (24.0)","70,720 (27.0)","1,082,846 (23.8)",6.13
Macrorregión de residencia,MACROREGION CENTRO,"835,012 (17.4)","48,923 (18.7)","786,089 (17.3)",5.86
Macrorregión de residencia,MACROREGION SUR,"688,178 (14.3)","32,396 (12.4)","655,782 (14.4)",4.71
Macrorregión de residencia,MACROREGION ORIENTE,"543,784 (11.3)","36,918 (14.1)","506,866 (11.2)",6.79
Macrorregión de residencia,SIN DATO,"9,271 (0.2)",556 (0.2),"8,715 (0.2)",6.0
Altitud del distrito,<500 m,"2,916,623 (60.7)","152,572 (58.3)","2,764,051 (60.8)",5.23
Altitud del distrito,500-1499 m,"401,094 (8.3)","18,527 (7.1)","382,567 (8.4)",4.62
Altitud del distrito,1500-2499 m,"322,208 (6.7)","16,233 (6.2)","305,975 (6.7)",5.04
Altitud del distrito,2500-2999 m,"346,889 (7.2)","22,247 (8.5)","324,642 (7.1)",6.41
Altitud del distrito,3000-3499 m,"483,763 (10.1)","30,545 (11.7)","453,218 (10.0)",6.31
Altitud del distrito,3500-3999 m,"282,199 (5.9)","17,318 (6.6)","264,881 (5.8)",6.14
Altitud del distrito,4000+ m,"40,493 (0.8)","3,723 (1.4)","36,770 (0.8)",9.19
Altitud del distrito,SIN DATO,"11,965 (0.2)",684 (0.3),"11,281 (0.2)",5.72
Pobreza del distrito,<20 %,"2,807,292 (58.4)","141,037 (53.9)","2,666,255 (58.7)",5.02
Pobreza del distrito,20-39 %,"1,265,420 (26.3)","72,843 (27.8)","1,192,577 (26.2)",5.76
Pobreza del distrito,40-59 %,"604,922 (12.6)","39,065 (14.9)","565,857 (12.5)",6.46
Pobreza del distrito,60+ %,"115,635 (2.4)","8,220 (3.1)","107,415 (2.4)",7.11
Pobreza del distrito,SIN DATO,"11,965 (0.2)",684 (0.3),"11,281 (0.2)",5.72
Lugar del parto,ESTABLECIMIENTO DE SALUD,"4,714,662 (98.1)","256,119 (97.8)","4,458,543 (98.1)",5.43
Lugar del parto,DOMICILIO,"57,143 (1.2)","3,986 (1.5)","53,157 (1.2)",6.98
Lugar del parto,OTRO,"28,742 (0.6)","1,213 (0.5)","27,529 (0.6)",4.22
Lugar del parto,VIA PUBLICA,"2,590 (0.1)",424 (0.2),"2,166 (0.0)",16.37
Lugar del parto,CENTRO DE TRABAJO,"1,860 (0.0)",83 (0.0),"1,777 (0.0)",4.46
Lugar del parto,SIN DATO,237 (0.0),24 (0.0),213 (0.0),10.13
